student_id,school,sex,age,geographic_area,family_size,parent_status,mother_education,father_education,commute_time,study_time,num_class_failed,school_support,family_support,tutor,extracurricular,preschool,higher_ed,internet_access,family_relationship,free_time,social,weekday_alcohol,weekend_alcohol,health,absences,m_grade1,m_grade2,m_final_grade,p_grade1,p_grade2,p_final_grade
131,GP,F,15,Rural,Greater than 3,Living together,secondary education,higher education,15 to 30 min.,5 to 10 hours,2,no,yes,no,no,yes,yes,yes,4,2,2,2,2,5,0,12,0,0,10,11,12
103,GP,M,15,Urban,Greater than 3,Living together,higher education,higher education,<15 min.,<2 hours,0,no,yes,no,yes,no,yes,yes,5,3,3,1,1,5,4,10,13,14,12,13,12
104,GP,F,15,Urban,Greater than 3,Living together,secondary education,5th to 9th grade,15 to 30 min.,2 to 5 hours,0,yes,yes,yes,no,yes,yes,yes,4,3,5,1,1,2,26,7,6,6,11,10,10
105,GP,M,15,Urban,Greater than 3,Apart,secondary education,higher education,<15 min.,2 to 5 hours,0,no,yes,yes,yes,yes,yes,yes,5,4,4,1,1,1,0,16,18,18,16,16,16
106,GP,F,15,Urban,Greater than 3,Apart,secondary education,secondary education,<15 min.,>10 hours,0,yes,no,no,no,yes,yes,no,4,3,3,1,1,4,10,10,11,11,10,10,10
59,GP,M,15,Urban,Less than or equal to 3,Living together,primary education (4th grade),5th to 9th grade,<15 min.,2 to 5 hours,0,yes,yes,no,yes,yes,yes,yes,4,3,2,1,1,5,2,9,10,9,14,13,14
58,GP,M,15,Urban,Greater than 3,Living together,higher education,higher education,<15 min.,2 to 5 hours,0,no,yes,no,yes,yes,yes,no,3,2,2,1,1,5,4,14,15,15,15,15,16
57,GP,F,15,Urban,Greater than 3,Apart,higher education,secondary education,<15 min.,2 to 5 hours,0,no,yes,yes,yes,yes,yes,yes,4,3,2,1,1,1,0,14,15,15,15,14,15
107,GP,F,15,Urban,Greater than 3,Living together,5th to 9th grade,5th to 9th grade,<15 min.,>10 hours,0,yes,yes,yes,no,yes,yes,yes,5,1,2,1,1,3,8,7,8,8,10,10,10
148,GP,F,15,Urban,Greater than 3,Living together,primary education (4th grade),5th to 9th grade,<15 min.,2 to 5 hours,0,no,yes,yes,no,no,yes,yes,4,3,2,1,1,5,2,10,11,11,13,14,14
55,GP,F,15,Urban,Less than or equal to 3,Apart,secondary education,secondary education,<15 min.,<2 hours,0,no,no,yes,no,yes,yes,yes,5,3,4,4,4,1,6,10,13,13,13,12,13
53,GP,M,15,Urban,Less than or equal to 3,Apart,higher education,5th to 9th grade,15 to 30 min.,<2 hours,1,no,no,no,no,yes,yes,no,5,5,5,3,4,5,6,11,11,10,10,9,9
52,GP,F,15,Urban,Less than or equal to 3,Living together,higher education,5th to 9th grade,<15 min.,2 to 5 hours,0,no,yes,yes,no,yes,yes,yes,4,3,3,1,1,5,2,11,13,13,16,14,16
147,GP,F,15,Urban,Greater than 3,Living together,secondary education,5th to 9th grade,<15 min.,2 to 5 hours,3,no,yes,no,no,yes,yes,yes,3,3,2,1,1,3,0,6,7,0,10,10,10
50,GP,F,15,Urban,Greater than 3,Living together,higher education,higher education,<15 min.,2 to 5 hours,1,yes,yes,no,yes,no,yes,yes,4,4,4,1,1,3,2,7,7,7,13,12,12
49,GP,M,15,Urban,Greater than 3,Living together,higher education,5th to 9th grade,<15 min.,2 to 5 hours,0,no,yes,yes,no,yes,yes,no,4,3,3,2,2,5,2,15,15,14,11,12,13
109,GP,M,15,Rural,Greater than 3,Living together,higher education,higher education,>1 hour,>10 hours,0,no,yes,yes,yes,yes,yes,yes,1,3,5,3,5,1,6,10,13,13,12,10,11
146,GP,F,15,Urban,Greater than 3,Living together,primary education (4th grade),primary education (4th grade),<15 min.,2 to 5 hours,0,no,yes,yes,no,yes,yes,yes,4,4,2,1,2,5,0,8,11,11,9,9,10
46,GP,F,15,Urban,Less than or equal to 3,Apart,higher education,secondary education,<15 min.,2 to 5 hours,0,yes,yes,yes,yes,yes,yes,yes,5,2,2,1,1,5,8,8,8,6,10,11,11
54,GP,F,15,Urban,Greater than 3,Living together,higher education,higher education,<15 min.,<2 hours,0,yes,yes,yes,no,yes,yes,yes,3,3,4,2,3,5,0,8,10,11,13,12,12
162,GP,M,15,Rural,Greater than 3,Living together,secondary education,5th to 9th grade,15 to 30 min.,2 to 5 hours,2,yes,yes,no,no,yes,yes,yes,4,4,4,1,4,3,6,5,9,7,9,9,8
65,GP,F,15,Urban,Less than or equal to 3,Living together,higher education,secondary education,<15 min.,2 to 5 hours,0,yes,no,no,yes,yes,yes,yes,4,4,4,2,4,2,0,10,10,10,13,12,12
67,GP,M,15,Urban,Greater than 3,Apart,higher education,higher education,<15 min.,>10 hours,0,no,yes,no,yes,no,yes,yes,1,3,3,5,5,3,4,13,13,12,11,12,12
88,GP,F,15,Urban,Greater than 3,Living together,higher education,5th to 9th grade,<15 min.,5 to 10 hours,0,no,yes,no,yes,yes,yes,yes,5,3,3,1,3,1,4,13,14,14,15,15,15
86,GP,F,15,Urban,Greater than 3,Living together,higher education,higher education,15 to 30 min.,2 to 5 hours,2,no,no,yes,no,yes,yes,yes,4,4,4,2,3,5,6,7,9,8,12,11,12
85,GP,F,15,Urban,Greater than 3,Living together,primary education (4th grade),primary education (4th grade),<15 min.,2 to 5 hours,0,no,yes,no,yes,no,yes,yes,4,3,2,2,3,4,2,9,10,10,13,12,12
84,GP,M,15,Urban,Less than or equal to 3,Living together,5th to 9th grade,5th to 9th grade,15 to 30 min.,2 to 5 hours,0,no,no,yes,yes,yes,yes,yes,5,3,3,1,3,4,4,15,15,15,13,12,13
83,GP,F,15,Urban,Less than or equal to 3,Living together,secondary education,5th to 9th grade,<15 min.,2 to 5 hours,0,no,yes,yes,no,yes,yes,yes,4,4,4,1,1,5,10,7,6,6,12,11,11
82,GP,M,15,Urban,Greater than 3,Living together,5th to 9th grade,secondary education,<15 min.,5 to 10 hours,0,yes,no,yes,no,no,yes,yes,5,3,2,1,2,5,4,11,10,11,10,9,9
81,GP,M,15,Urban,Greater than 3,Living together,5th to 9th grade,secondary education,<15 min.,<2 hours,0,yes,yes,yes,yes,no,yes,yes,3,2,2,1,3,3,2,10,12,12,11,11,12
95,GP,M,15,Urban,Less than or equal to 3,Living together,5th to 9th grade,5th to 9th grade,<15 min.,>10 hours,0,no,yes,no,yes,yes,yes,yes,4,3,4,1,1,4,6,11,13,14,11,12,12
132,GP,F,15,Urban,Greater than 3,Living together,primary education (4th grade),primary education (4th grade),30 min. to 1 hour,<2 hours,0,no,yes,no,yes,no,yes,yes,4,3,3,1,2,4,0,8,0,0,10,9,8
96,GP,F,15,Rural,Greater than 3,Living together,primary education (4th grade),primary education (4th grade),15 to 30 min.,>10 hours,1,yes,yes,yes,yes,yes,yes,yes,3,1,2,1,1,1,2,7,10,10,13,13,13
77,GP,M,15,Urban,Greater than 3,Living together,higher education,none,15 to 30 min.,>10 hours,0,no,no,no,yes,yes,yes,yes,3,4,3,1,1,1,8,11,11,10,12,11,11
76,GP,M,15,Urban,Greater than 3,Living together,higher education,secondary education,<15 min.,2 to 5 hours,0,no,yes,yes,yes,yes,yes,yes,4,3,3,2,3,5,6,9,9,10,11,11,11
153,GP,F,15,Rural,Greater than 3,Living together,secondary education,secondary education,15 to 30 min.,5 to 10 hours,2,no,yes,yes,yes,yes,yes,yes,4,2,1,2,3,3,8,10,10,10,12,11,11
73,GP,F,15,Rural,Greater than 3,Living together,primary education (4th grade),primary education (4th grade),<15 min.,2 to 5 hours,2,yes,yes,no,no,no,yes,yes,3,3,4,2,4,5,2,8,6,5,13,11,11
72,GP,M,15,Urban,Greater than 3,Living together,higher education,5th to 9th grade,<15 min.,>10 hours,0,no,no,no,no,yes,yes,yes,3,3,3,1,1,3,0,10,10,10,11,9,10
150,GP,M,15,Urban,Less than or equal to 3,Apart,5th to 9th grade,primary education (4th grade),>1 hour,<2 hours,3,no,no,no,no,yes,yes,yes,4,5,5,2,5,5,0,8,9,10,9,11,11
70,GP,F,15,Rural,Less than or equal to 3,Living together,secondary education,primary education (4th grade),15 to 30 min.,>10 hours,0,no,yes,no,no,no,yes,yes,4,4,2,2,3,3,12,16,16,16,15,15,15
69,GP,F,15,Rural,Less than or equal to 3,Living together,5th to 9th grade,5th to 9th grade,15 to 30 min.,2 to 5 hours,0,yes,yes,yes,no,yes,yes,yes,4,1,3,1,3,4,2,8,9,8,11,10,11
156,GP,M,15,Rural,Greater than 3,Living together,5th to 9th grade,secondary education,<15 min.,2 to 5 hours,0,yes,no,yes,yes,yes,yes,no,4,4,4,1,1,1,2,11,8,8,9,7,6
44,GP,M,15,Urban,Greater than 3,Living together,5th to 9th grade,5th to 9th grade,<15 min.,<2 hours,0,yes,yes,no,no,yes,yes,yes,5,4,1,1,1,1,0,8,8,11,9,10,10
111,GP,M,15,Urban,Less than or equal to 3,Apart,higher education,higher education,<15 min.,<2 hours,0,no,no,no,yes,yes,yes,yes,5,5,3,1,1,4,6,18,19,19,13,14,14
42,GP,M,15,Urban,Less than or equal to 3,Living together,higher education,higher education,<15 min.,<2 hours,0,no,yes,no,no,no,yes,yes,5,4,3,2,4,5,8,12,12,12,10,11,11
43,GP,M,15,Urban,Greater than 3,Living together,higher education,higher education,<15 min.,2 to 5 hours,0,no,yes,no,yes,yes,yes,yes,4,3,3,1,1,5,2,19,18,18,14,15,15
121,GP,F,15,Urban,Greater than 3,Living together,primary education (4th grade),5th to 9th grade,<15 min.,2 to 5 hours,0,no,no,no,no,no,yes,yes,3,2,3,1,2,1,2,16,15,15,14,14,14
122,GP,M,15,Urban,Greater than 3,Living together,5th to 9th grade,5th to 9th grade,<15 min.,>10 hours,0,no,yes,yes,yes,yes,yes,yes,5,5,4,1,2,5,6,16,14,15,14,13,13
15,GP,M,15,Urban,Greater than 3,Apart,5th to 9th grade,5th to 9th grade,<15 min.,5 to 10 hours,0,no,yes,no,no,yes,yes,yes,4,5,2,1,1,3,0,14,16,16,14,14,15
14,GP,M,15,Urban,Greater than 3,Living together,higher education,secondary education,15 to 30 min.,2 to 5 hours,0,no,yes,yes,no,yes,yes,yes,5,4,3,1,2,3,2,10,10,11,12,12,13
13,GP,M,15,Urban,Less than or equal to 3,Living together,higher education,higher education,<15 min.,<2 hours,0,no,yes,yes,yes,yes,yes,yes,4,3,3,1,3,5,2,14,14,14,12,13,12
12,GP,F,15,Urban,Greater than 3,Living together,5th to 9th grade,primary education (4th grade),30 min. to 1 hour,5 to 10 hours,0,no,yes,no,yes,yes,yes,yes,5,2,2,1,1,4,4,10,12,12,10,12,13
21,GP,M,15,Urban,Greater than 3,Living together,higher education,secondary education,<15 min.,2 to 5 hours,0,no,no,no,no,yes,yes,yes,4,4,1,1,1,1,0,13,14,15,12,13,14
11,GP,F,15,Urban,Greater than 3,Living together,higher education,higher education,<15 min.,2 to 5 hours,0,no,yes,yes,no,yes,yes,yes,3,3,3,1,2,2,0,10,8,9,14,14,14
9,GP,M,15,Urban,Less than or equal to 3,Apart,secondary education,5th to 9th grade,<15 min.,2 to 5 hours,0,no,yes,yes,no,yes,yes,yes,4,2,2,1,1,1,0,16,18,19,15,16,17
136,GP,F,15,Urban,Greater than 3,Living together,higher education,higher education,<15 min.,5 to 10 hours,0,no,yes,no,yes,yes,yes,yes,4,3,3,1,1,5,0,11,0,0,15,13,14
126,GP,M,15,Urban,Greater than 3,Living together,secondary education,higher education,<15 min.,<2 hours,0,yes,no,no,no,yes,yes,yes,5,5,5,3,2,5,0,13,13,12,9,9,9
127,GP,F,15,Urban,Less than or equal to 3,Apart,secondary education,higher education,<15 min.,2 to 5 hours,0,yes,no,no,yes,yes,yes,yes,5,3,2,1,1,1,0,7,10,11,10,11,11
135,GP,M,15,Rural,Greater than 3,Living together,secondary education,higher education,>1 hour,2 to 5 hours,0,no,yes,no,no,yes,yes,no,5,3,3,1,1,5,0,9,0,0,13,12,12
4,GP,F,15,Urban,Greater than 3,Living together,higher education,5th to 9th grade,<15 min.,5 to 10 hours,0,no,yes,yes,yes,yes,yes,yes,3,2,2,1,1,5,2,15,14,15,14,14,14
3,GP,F,15,Urban,Less than or equal to 3,Living together,primary education (4th grade),primary education (4th grade),<15 min.,2 to 5 hours,3,yes,no,yes,no,yes,yes,yes,4,3,2,2,3,3,10,7,8,10,12,13,12
10,GP,M,15,Urban,Greater than 3,Living together,secondary education,higher education,<15 min.,2 to 5 hours,0,no,yes,yes,yes,yes,yes,yes,5,5,1,1,1,5,0,14,15,15,12,12,13
22,GP,M,15,Urban,Greater than 3,Living together,higher education,higher education,<15 min.,<2 hours,0,no,yes,yes,no,yes,yes,yes,5,4,2,1,1,5,0,12,15,15,11,12,12
120,GP,M,15,Urban,Greater than 3,Living together,secondary education,higher education,<15 min.,<2 hours,0,no,no,no,no,yes,yes,yes,3,4,3,1,2,4,6,14,13,13,14,13,14
141,GP,M,15,Urban,Greater than 3,Living together,higher education,secondary education,15 to 30 min.,>10 hours,0,yes,yes,no,no,yes,yes,yes,2,2,2,1,1,3,0,7,9,0,10,9,10
40,GP,F,15,Rural,Greater than 3,Living together,5th to 9th grade,5th to 9th grade,<15 min.,<2 hours,0,yes,yes,yes,yes,yes,yes,no,4,3,1,1,1,2,8,14,13,13,14,13,12
39,GP,F,15,Rural,Greater than 3,Living together,secondary education,higher education,<15 min.,5 to 10 hours,0,yes,yes,yes,yes,yes,yes,yes,4,3,2,1,1,5,2,12,12,11,11,12,12
143,GP,F,15,Urban,Greater than 3,Living together,higher education,higher education,<15 min.,5 to 10 hours,0,no,yes,yes,yes,yes,yes,yes,4,2,2,1,1,5,2,9,11,11,11,11,12
37,GP,M,15,Urban,Less than or equal to 3,Living together,higher education,secondary education,<15 min.,5 to 10 hours,0,no,yes,no,yes,yes,yes,yes,5,4,3,1,1,4,2,15,16,18,14,14,14
36,GP,F,15,Urban,Greater than 3,Living together,5th to 9th grade,secondary education,15 to 30 min.,<2 hours,0,no,yes,no,yes,yes,yes,no,3,5,1,1,1,5,0,8,7,6,11,11,11
114,GP,M,15,Urban,Less than or equal to 3,Living together,higher education,5th to 9th grade,<15 min.,<2 hours,0,no,no,no,no,yes,yes,yes,3,5,2,1,1,3,10,18,19,19,18,17,18
34,GP,M,15,Urban,Less than or equal to 3,Living together,secondary education,secondary education,<15 min.,2 to 5 hours,0,no,no,no,yes,no,yes,yes,5,3,2,1,1,2,0,8,10,12,13,12,12
33,GP,M,15,Rural,Greater than 3,Living together,higher education,secondary education,<15 min.,2 to 5 hours,0,no,yes,no,yes,yes,yes,yes,4,5,2,1,1,5,0,17,16,16,13,14,15
140,GP,F,15,Urban,Greater than 3,Living together,higher education,higher education,15 to 30 min.,<2 hours,0,no,no,no,yes,yes,yes,yes,4,3,2,1,1,5,0,16,16,15,13,14,15
31,GP,M,15,Urban,Greater than 3,Living together,higher education,higher education,<15 min.,2 to 5 hours,0,no,yes,yes,no,no,yes,yes,5,4,2,3,4,5,0,9,11,12,10,11,11
32,GP,M,15,Urban,Greater than 3,Living together,higher education,higher education,15 to 30 min.,2 to 5 hours,0,no,yes,no,yes,yes,yes,yes,4,3,1,1,1,5,0,17,16,17,15,15,15
28,GP,M,15,Urban,Greater than 3,Living together,higher education,5th to 9th grade,<15 min.,<2 hours,0,no,no,yes,no,yes,yes,yes,2,2,4,2,4,1,4,15,16,15,11,11,11
27,GP,M,15,Urban,Greater than 3,Living together,5th to 9th grade,5th to 9th grade,<15 min.,<2 hours,0,no,yes,yes,no,yes,yes,yes,4,2,2,1,2,5,2,12,12,11,11,12,12
117,GP,M,15,Urban,Greater than 3,Living together,higher education,higher education,15 to 30 min.,2 to 5 hours,0,no,yes,no,yes,yes,yes,no,4,4,3,1,1,2,2,11,13,14,16,15,16
25,GP,F,15,Rural,Greater than 3,Living together,5th to 9th grade,higher education,<15 min.,5 to 10 hours,0,yes,yes,yes,yes,yes,yes,yes,4,3,2,1,1,5,2,10,9,8,10,11,10
115,GP,M,15,Rural,Greater than 3,Living together,5th to 9th grade,primary education (4th grade),<15 min.,2 to 5 hours,0,no,no,no,yes,yes,yes,yes,5,4,2,1,1,5,8,9,9,9,10,9,10
92,GP,F,15,Urban,Greater than 3,Living together,higher education,secondary education,<15 min.,<2 hours,0,no,no,yes,yes,yes,yes,yes,4,5,5,1,3,1,4,16,17,18,14,13,13
152,GP,M,16,Urban,Less than or equal to 3,Living together,5th to 9th grade,primary education (4th grade),<15 min.,<2 hours,1,no,no,no,yes,yes,yes,no,4,4,4,3,5,5,6,12,13,14,15,13,13
142,GP,M,16,Urban,Less than or equal to 3,Living together,5th to 9th grade,5th to 9th grade,15 to 30 min.,<2 hours,2,no,yes,no,yes,yes,yes,yes,2,3,3,2,2,2,8,9,9,9,14,13,13
138,GP,F,16,Urban,Greater than 3,Apart,secondary education,secondary education,15 to 30 min.,<2 hours,2,no,yes,no,yes,no,yes,yes,4,3,2,1,1,5,0,4,0,0,13,11,11
139,GP,M,16,Urban,Less than or equal to 3,Living together,primary education (4th grade),primary education (4th grade),<15 min.,2 to 5 hours,1,no,no,no,no,yes,yes,no,4,4,4,1,3,5,0,14,12,12,12,11,11
149,GP,M,16,Urban,Greater than 3,Living together,higher education,higher education,<15 min.,<2 hours,0,no,yes,no,no,yes,no,yes,3,3,2,2,1,5,0,7,6,0,8,9,9
144,GP,F,16,Urban,Less than or equal to 3,Living together,primary education (4th grade),primary education (4th grade),<15 min.,<2 hours,0,no,no,no,no,yes,yes,yes,3,4,4,3,3,1,2,14,14,13,12,11,11
159,GP,M,16,Rural,Greater than 3,Living together,5th to 9th grade,5th to 9th grade,30 min. to 1 hour,<2 hours,0,no,no,no,no,no,yes,no,4,2,2,1,2,3,2,17,15,15,11,11,11
134,GP,F,16,Urban,Greater than 3,Apart,secondary education,higher education,<15 min.,<2 hours,0,no,no,no,no,yes,yes,yes,3,2,1,1,4,5,16,12,11,11,11,12,13
198,GP,M,16,Rural,Less than or equal to 3,Living together,secondary education,secondary education,30 min. to 1 hour,<2 hours,0,no,yes,yes,yes,yes,yes,yes,3,3,4,3,5,3,8,9,9,10,14,13,14
166,GP,M,16,Urban,Greater than 3,Living together,secondary education,5th to 9th grade,15 to 30 min.,<2 hours,1,no,yes,no,yes,no,no,no,4,5,2,1,1,2,16,12,11,12,13,13,13
207,GP,F,16,Urban,Greater than 3,Apart,secondary education,primary education (4th grade),<15 min.,2 to 5 hours,3,no,yes,yes,no,yes,yes,yes,2,3,3,2,2,4,5,7,7,7,10,11,12
208,GP,F,16,Urban,Greater than 3,Living together,higher education,secondary education,<15 min.,2 to 5 hours,0,no,no,yes,yes,yes,yes,yes,1,3,2,1,1,1,10,11,12,13,11,10,10
209,GP,F,16,Urban,Greater than 3,Living together,primary education (4th grade),primary education (4th grade),15 to 30 min.,<2 hours,0,no,yes,yes,no,yes,yes,no,4,3,2,1,4,5,6,9,9,10,13,12,12
213,GP,F,16,Urban,Greater than 3,Apart,5th to 9th grade,5th to 9th grade,<15 min.,2 to 5 hours,0,yes,yes,yes,no,yes,yes,yes,3,3,4,1,1,4,0,12,13,14,14,15,16
223,GP,F,16,Urban,Greater than 3,Living together,5th to 9th grade,secondary education,<15 min.,2 to 5 hours,0,yes,no,no,no,yes,yes,yes,2,3,1,1,1,3,2,16,16,17,12,13,13
225,GP,F,16,Urban,Greater than 3,Living together,higher education,higher education,<15 min.,5 to 10 hours,0,no,yes,no,yes,no,yes,yes,5,3,2,1,1,5,0,13,13,14,12,12,12
234,GP,M,16,Urban,Greater than 3,Living together,higher education,higher education,<15 min.,2 to 5 hours,0,no,yes,yes,yes,yes,yes,yes,4,2,4,2,4,1,2,14,13,13,12,12,13
205,GP,F,16,Rural,Greater than 3,Living together,5th to 9th grade,5th to 9th grade,15 to 30 min.,>10 hours,0,no,yes,yes,yes,no,yes,yes,5,3,5,1,1,5,6,10,10,11,12,12,13
235,GP,M,16,Urban,Less than or equal to 3,Living together,primary education (4th grade),primary education (4th grade),15 to 30 min.,2 to 5 hours,0,no,yes,yes,no,yes,yes,yes,3,4,2,1,1,5,18,9,7,6,11,10,11
238,GP,F,16,Urban,Greater than 3,Living together,5th to 9th grade,primary education (4th grade),<15 min.,<2 hours,0,no,no,no,no,yes,yes,yes,4,5,2,1,1,5,20,13,12,12,10,9,10
243,GP,M,16,Urban,Less than or equal to 3,Living together,higher education,secondary education,<15 min.,<2 hours,0,no,no,no,yes,no,yes,yes,5,4,5,1,1,3,0,6,0,0,9,10,11
244,GP,M,16,Urban,Greater than 3,Living together,higher education,higher education,<15 min.,<2 hours,0,no,no,no,yes,yes,yes,yes,5,3,2,1,2,5,0,13,12,12,15,15,16
246,GP,M,16,Urban,Greater than 3,Living together,5th to 9th grade,primary education (4th grade),30 min. to 1 hour,<2 hours,0,no,no,no,no,yes,yes,yes,4,3,3,1,1,4,6,18,18,18,12,13,13
250,GP,M,16,Urban,Greater than 3,Living together,none,5th to 9th grade,<15 min.,<2 hours,0,no,no,yes,no,no,yes,yes,4,3,2,2,4,5,0,13,15,15,12,12,12
252,GP,M,16,Urban,Greater than 3,Living together,secondary education,secondary education,30 min. to 1 hour,2 to 5 hours,0,yes,yes,no,no,no,yes,yes,5,3,3,1,3,2,6,7,10,10,9,10,10
254,GP,M,16,Rural,Greater than 3,Living together,5th to 9th grade,primary education (4th grade),15 to 30 min.,<2 hours,0,no,no,no,yes,no,yes,no,3,3,2,1,3,3,0,8,9,8,10,10,10
236,GP,M,16,Urban,Greater than 3,Living together,secondary education,5th to 9th grade,15 to 30 min.,5 to 10 hours,0,no,no,no,yes,yes,yes,yes,5,3,3,1,3,2,10,11,9,10,12,12,12
202,GP,F,16,Urban,Greater than 3,Living together,5th to 9th grade,secondary education,<15 min.,2 to 5 hours,0,yes,yes,yes,yes,yes,yes,no,4,4,3,1,3,4,6,8,10,10,13,14,16
201,GP,F,16,Urban,Greater than 3,Living together,higher education,secondary education,<15 min.,2 to 5 hours,0,no,yes,no,yes,yes,yes,yes,4,3,5,1,5,2,2,16,16,16,10,9,11
200,GP,F,16,Urban,Less than or equal to 3,Living together,higher education,higher education,<15 min.,2 to 5 hours,0,no,yes,yes,no,yes,yes,yes,4,5,2,1,2,3,0,9,9,10,11,13,14
167,GP,M,16,Urban,Greater than 3,Living together,5th to 9th grade,5th to 9th grade,<15 min.,2 to 5 hours,0,no,no,no,no,yes,no,yes,4,3,5,2,4,4,4,10,10,10,11,9,11
168,GP,F,16,Urban,Greater than 3,Living together,higher education,5th to 9th grade,<15 min.,2 to 5 hours,0,no,no,yes,no,yes,yes,yes,4,2,3,1,1,3,0,14,15,16,13,13,13
169,GP,F,16,Urban,Greater than 3,Living together,5th to 9th grade,5th to 9th grade,<15 min.,2 to 5 hours,0,no,yes,yes,no,no,yes,yes,5,1,5,1,1,4,0,6,7,0,7,8,8
170,GP,F,16,Urban,Greater than 3,Living together,higher education,higher education,<15 min.,2 to 5 hours,0,no,yes,yes,no,yes,yes,yes,4,4,2,1,1,3,0,14,14,14,9,8,10
171,GP,M,16,Urban,Greater than 3,Living together,secondary education,higher education,30 min. to 1 hour,<2 hours,2,no,yes,no,yes,no,yes,yes,3,4,5,2,4,2,0,6,5,0,11,10,11
172,GP,M,16,Urban,Greater than 3,Living together,primary education (4th grade),none,15 to 30 min.,2 to 5 hours,0,no,yes,yes,yes,yes,yes,yes,4,3,2,1,1,3,2,13,15,16,12,10,11
174,GP,F,16,Urban,Greater than 3,Living together,primary education (4th grade),secondary education,<15 min.,2 to 5 hours,3,no,no,no,yes,no,yes,yes,4,3,5,1,1,3,0,8,7,0,9,8,10
175,GP,F,16,Urban,Less than or equal to 3,Living together,secondary education,secondary education,15 to 30 min.,2 to 5 hours,0,no,yes,yes,yes,yes,yes,yes,4,4,5,1,1,4,4,10,11,9,8,8,9
177,GP,F,16,Urban,Greater than 3,Living together,5th to 9th grade,5th to 9th grade,15 to 30 min.,2 to 5 hours,0,no,no,yes,yes,no,yes,yes,3,4,4,1,4,5,2,13,13,11,8,9,10
181,GP,M,16,Urban,Greater than 3,Living together,higher education,secondary education,<15 min.,2 to 5 hours,0,no,yes,yes,yes,yes,yes,yes,3,4,3,2,3,3,10,9,8,8,9,10,11
182,GP,M,16,Urban,Greater than 3,Living together,secondary education,secondary education,<15 min.,2 to 5 hours,0,no,no,yes,yes,yes,yes,yes,4,2,3,1,2,3,2,12,13,12,17,17,18
185,GP,F,16,Urban,Greater than 3,Living together,secondary education,5th to 9th grade,<15 min.,2 to 5 hours,0,no,yes,yes,no,yes,yes,yes,1,2,2,1,2,1,14,12,13,12,9,9,10
187,GP,M,16,Urban,Greater than 3,Living together,primary education (4th grade),5th to 9th grade,<15 min.,<2 hours,0,no,yes,yes,yes,yes,yes,yes,3,3,3,1,2,3,2,11,12,11,11,9,10
188,GP,M,16,Urban,Less than or equal to 3,Living together,5th to 9th grade,primary education (4th grade),<15 min.,2 to 5 hours,0,no,no,yes,yes,yes,yes,yes,4,2,3,1,2,5,0,15,15,15,14,13,13
191,GP,F,16,Urban,Greater than 3,Living together,5th to 9th grade,secondary education,<15 min.,2 to 5 hours,0,no,no,no,no,yes,yes,yes,4,3,3,1,1,2,10,11,12,13,13,12,14
194,GP,M,16,Rural,Greater than 3,Living together,secondary education,secondary education,<15 min.,<2 hours,0,no,yes,no,yes,yes,yes,yes,4,3,2,3,4,5,8,8,9,10,11,11,13
195,GP,M,16,Urban,Greater than 3,Living together,5th to 9th grade,secondary education,15 to 30 min.,<2 hours,0,no,no,no,no,yes,yes,yes,5,3,3,1,1,3,0,13,14,14,11,10,11
163,GP,M,16,Urban,Less than or equal to 3,Living together,primary education (4th grade),5th to 9th grade,15 to 30 min.,<2 hours,1,no,no,no,yes,yes,yes,no,4,4,4,2,4,5,0,7,0,0,12,11,11
179,GP,M,16,Rural,Greater than 3,Living together,higher education,5th to 9th grade,<15 min.,<2 hours,0,no,yes,no,yes,yes,yes,yes,4,3,3,3,4,3,10,10,8,9,8,8,8
160,GP,M,16,Urban,Greater than 3,Living together,secondary education,secondary education,<15 min.,2 to 5 hours,1,no,yes,yes,no,yes,yes,yes,4,5,5,4,4,5,4,10,12,12,13,12,13
18,GP,F,16,Urban,Greater than 3,Living together,secondary education,secondary education,30 min. to 1 hour,2 to 5 hours,0,yes,yes,no,yes,yes,yes,no,5,3,2,1,1,4,4,8,10,10,13,14,14
90,GP,M,16,Urban,Less than or equal to 3,Apart,higher education,higher education,<15 min.,2 to 5 hours,0,no,yes,no,no,yes,yes,no,4,1,3,3,5,5,18,8,6,7,9,9,10
89,GP,M,16,Urban,Greater than 3,Living together,5th to 9th grade,5th to 9th grade,15 to 30 min.,2 to 5 hours,1,no,no,yes,yes,no,yes,yes,4,4,2,1,1,3,12,11,10,10,12,10,11
41,GP,F,16,Urban,Less than or equal to 3,Living together,5th to 9th grade,5th to 9th grade,15 to 30 min.,2 to 5 hours,1,no,yes,no,yes,no,yes,yes,3,3,3,1,2,3,25,7,10,11,11,11,10
80,GP,F,16,Urban,Greater than 3,Living together,secondary education,higher education,<15 min.,2 to 5 hours,0,no,yes,no,no,yes,yes,yes,2,4,3,1,2,3,12,5,5,5,12,11,11
5,GP,F,16,Urban,Greater than 3,Living together,secondary education,secondary education,<15 min.,2 to 5 hours,0,no,yes,yes,no,yes,yes,no,4,3,2,1,2,5,4,6,10,10,11,13,13
78,GP,F,16,Urban,Greater than 3,Living together,5th to 9th grade,5th to 9th grade,<15 min.,>10 hours,0,no,no,yes,no,yes,yes,yes,5,2,3,1,3,3,0,11,11,11,13,13,13
75,GP,F,16,Urban,Greater than 3,Living together,secondary education,secondary education,<15 min.,2 to 5 hours,0,yes,yes,yes,yes,yes,yes,yes,4,3,3,2,4,5,54,11,12,11,11,11,11
74,GP,M,16,Urban,Greater than 3,Living together,secondary education,primary education (4th grade),<15 min.,<2 hours,0,no,no,no,yes,yes,yes,no,5,3,2,2,2,5,2,12,12,14,13,13,14
71,GP,M,16,Urban,Greater than 3,Living together,secondary education,primary education (4th grade),15 to 30 min.,>10 hours,0,no,yes,yes,no,yes,yes,yes,4,3,2,1,1,5,0,13,15,15,13,11,11
68,GP,F,16,Urban,Greater than 3,Living together,secondary education,primary education (4th grade),<15 min.,>10 hours,0,yes,yes,yes,no,yes,yes,yes,4,3,3,1,2,5,4,7,7,6,10,9,10
66,GP,F,16,Urban,Less than or equal to 3,Living together,higher education,secondary education,30 min. to 1 hour,2 to 5 hours,0,no,yes,no,yes,yes,yes,yes,5,4,3,1,2,1,2,16,15,15,16,15,16
64,GP,F,16,Urban,Greater than 3,Living together,higher education,secondary education,<15 min.,5 to 10 hours,0,yes,yes,yes,yes,yes,yes,yes,3,4,4,2,4,4,2,10,9,9,14,13,13
6,GP,M,16,Urban,Less than or equal to 3,Living together,higher education,secondary education,<15 min.,2 to 5 hours,0,no,yes,yes,yes,yes,yes,yes,5,4,2,1,2,5,10,15,15,15,12,12,13
63,GP,F,16,Urban,Less than or equal to 3,Living together,primary education (4th grade),5th to 9th grade,<15 min.,2 to 5 hours,0,yes,no,no,yes,yes,yes,yes,4,4,3,1,1,1,4,8,10,9,13,13,10
62,GP,F,16,Urban,Greater than 3,Living together,primary education (4th grade),primary education (4th grade),>1 hour,<2 hours,0,yes,yes,no,yes,no,yes,yes,5,5,5,5,5,5,6,10,8,11,10,10,16
61,GP,F,16,Rural,Greater than 3,Living together,higher education,higher education,<15 min.,2 to 5 hours,0,no,yes,no,yes,yes,yes,no,2,4,4,2,3,4,6,10,11,11,17,16,16
60,GP,F,16,Urban,Greater than 3,Living together,higher education,5th to 9th grade,<15 min.,2 to 5 hours,0,no,yes,no,no,yes,yes,yes,4,2,3,1,1,5,2,15,16,16,16,15,16
26,GP,F,16,Urban,Greater than 3,Living together,5th to 9th grade,5th to 9th grade,<15 min.,<2 hours,2,no,yes,yes,no,no,yes,yes,1,2,2,1,3,5,14,6,9,8,10,11,12
56,GP,F,16,Urban,Greater than 3,Apart,5th to 9th grade,primary education (4th grade),<15 min.,2 to 5 hours,0,no,no,yes,yes,yes,yes,yes,5,3,4,1,1,2,8,8,9,10,12,13,12
51,GP,F,16,Urban,Less than or equal to 3,Living together,5th to 9th grade,5th to 9th grade,30 min. to 1 hour,2 to 5 hours,0,no,yes,yes,no,yes,yes,yes,4,3,3,2,3,4,2,12,13,13,14,13,13
48,GP,M,16,Urban,Greater than 3,Living together,higher education,secondary education,<15 min.,>10 hours,0,no,no,no,yes,yes,yes,yes,4,2,2,1,1,2,4,19,19,20,17,17,17
29,GP,M,16,Urban,Less than or equal to 3,Apart,secondary education,higher education,<15 min.,2 to 5 hours,0,yes,yes,no,yes,yes,yes,yes,5,3,3,1,1,5,4,11,11,11,12,12,13
30,GP,M,16,Urban,Greater than 3,Living together,higher education,higher education,<15 min.,2 to 5 hours,0,no,yes,yes,yes,yes,yes,yes,4,4,5,5,5,5,16,10,12,11,12,11,12
35,GP,M,16,Urban,Greater than 3,Living together,secondary education,5th to 9th grade,<15 min.,<2 hours,0,no,yes,yes,no,no,yes,yes,5,4,3,1,1,5,0,12,14,15,12,12,12
47,GP,F,16,Urban,Less than or equal to 3,Apart,secondary education,secondary education,<15 min.,2 to 5 hours,0,no,yes,no,no,yes,yes,yes,2,3,5,1,4,3,12,11,12,11,13,12,13
45,GP,F,16,Urban,Less than or equal to 3,Living together,5th to 9th grade,5th to 9th grade,15 to 30 min.,2 to 5 hours,1,yes,no,no,yes,yes,yes,yes,4,3,3,2,2,5,14,10,10,9,10,11,11
17,GP,F,16,Urban,Greater than 3,Living together,higher education,higher education,<15 min.,5 to 10 hours,0,no,yes,yes,yes,yes,yes,yes,3,2,3,1,2,2,6,13,14,14,13,13,14
91,GP,F,16,Urban,Greater than 3,Living together,secondary education,secondary education,<15 min.,5 to 10 hours,0,no,yes,yes,no,yes,yes,yes,4,3,3,1,3,4,0,7,7,8,9,11,11
87,GP,F,16,Urban,Less than or equal to 3,Living together,5th to 9th grade,5th to 9th grade,<15 min.,2 to 5 hours,0,no,yes,no,no,yes,yes,no,4,3,4,1,2,2,4,8,7,6,13,11,11
24,GP,M,16,Urban,Less than or equal to 3,Living together,5th to 9th grade,5th to 9th grade,15 to 30 min.,2 to 5 hours,0,no,yes,no,yes,yes,yes,yes,5,4,4,2,4,5,0,13,13,12,10,10,10
20,GP,M,16,Urban,Less than or equal to 3,Living together,higher education,secondary education,<15 min.,<2 hours,0,no,no,yes,yes,yes,yes,yes,3,1,3,1,3,5,4,8,10,10,12,12,12
125,GP,F,16,Urban,Greater than 3,Living together,5th to 9th grade,5th to 9th grade,<15 min.,2 to 5 hours,0,no,no,yes,no,yes,yes,yes,5,4,4,1,1,5,0,8,7,8,12,11,11
124,GP,M,16,Urban,Greater than 3,Living together,higher education,higher education,<15 min.,<2 hours,0,no,yes,no,yes,yes,yes,yes,3,4,4,1,4,5,18,14,11,13,12,13,13
123,GP,F,16,Urban,Less than or equal to 3,Living together,5th to 9th grade,higher education,15 to 30 min.,2 to 5 hours,0,no,yes,yes,yes,yes,yes,yes,4,2,2,1,2,5,2,13,13,13,14,12,13
118,GP,M,16,Urban,Greater than 3,Living together,secondary education,secondary education,15 to 30 min.,<2 hours,0,no,no,no,yes,yes,yes,yes,5,4,2,1,1,5,0,13,14,13,14,14,15
116,GP,M,16,Urban,Greater than 3,Living together,higher education,higher education,<15 min.,2 to 5 hours,0,no,yes,no,yes,yes,yes,yes,5,4,4,1,2,5,2,15,15,16,16,14,14
113,GP,F,16,Urban,Greater than 3,Living together,5th to 9th grade,5th to 9th grade,<15 min.,2 to 5 hours,1,yes,no,no,yes,yes,yes,yes,3,1,2,1,1,5,6,10,13,13,8,10,10
112,GP,F,16,Rural,Greater than 3,Living together,secondary education,secondary education,<15 min.,5 to 10 hours,1,yes,yes,no,yes,yes,yes,yes,4,1,2,1,1,2,0,7,10,10,11,11,11
16,GP,F,16,Urban,Greater than 3,Living together,higher education,higher education,<15 min.,<2 hours,0,no,yes,no,no,yes,yes,yes,4,4,4,1,2,2,4,14,14,14,17,17,17
110,GP,F,16,Urban,Less than or equal to 3,Living together,higher education,higher education,<15 min.,5 to 10 hours,0,no,yes,yes,yes,yes,yes,yes,5,4,5,1,1,4,4,14,15,16,15,15,14
93,GP,F,16,Urban,Less than or equal to 3,Living together,secondary education,primary education (4th grade),<15 min.,2 to 5 hours,0,yes,yes,no,no,yes,yes,no,3,3,3,2,3,2,4,7,6,6,12,13,12
108,GP,M,16,Urban,Greater than 3,Living together,secondary education,secondary education,<15 min.,5 to 10 hours,0,no,yes,no,yes,yes,yes,yes,5,3,3,1,1,5,2,16,18,18,13,14,14
102,GP,M,16,Urban,Greater than 3,Living together,higher education,higher education,<15 min.,5 to 10 hours,0,no,yes,no,yes,yes,yes,yes,4,4,3,1,1,4,0,16,17,17,16,16,16
101,GP,M,16,Urban,Greater than 3,Living together,higher education,higher education,<15 min.,<2 hours,0,yes,yes,yes,yes,yes,yes,yes,4,5,5,5,5,4,14,7,7,5,9,9,8
38,GP,M,16,Rural,Greater than 3,Apart,higher education,higher education,15 to 30 min.,5 to 10 hours,0,no,yes,no,yes,yes,yes,yes,2,4,3,1,1,5,7,15,16,15,13,13,13
100,GP,F,16,Urban,Greater than 3,Living together,higher education,secondary education,<15 min.,5 to 10 hours,0,yes,yes,yes,no,yes,yes,yes,5,3,5,1,1,3,0,7,9,8,12,13,13
94,GP,F,16,Urban,Greater than 3,Living together,higher education,5th to 9th grade,15 to 30 min.,2 to 5 hours,0,no,yes,yes,yes,yes,yes,yes,5,3,3,1,1,1,0,11,10,10,13,14,14
23,GP,M,16,Urban,Less than or equal to 3,Living together,higher education,5th to 9th grade,<15 min.,2 to 5 hours,0,no,no,no,yes,yes,yes,yes,4,5,1,1,3,5,2,15,15,16,12,13,14
97,GP,M,16,Rural,Greater than 3,Living together,higher education,secondary education,15 to 30 min.,<2 hours,0,yes,yes,no,yes,no,yes,yes,3,3,3,1,1,4,2,11,15,15,9,11,11
7,GP,M,16,Urban,Less than or equal to 3,Living together,5th to 9th grade,5th to 9th grade,<15 min.,2 to 5 hours,0,no,no,no,no,yes,yes,yes,4,4,4,1,1,3,0,12,12,11,13,12,13
98,GP,F,16,Urban,Greater than 3,Living together,5th to 9th grade,primary education (4th grade),<15 min.,2 to 5 hours,0,no,yes,yes,no,yes,yes,no,4,3,5,1,1,5,2,8,9,10,13,12,12
130,GP,M,16,Rural,Greater than 3,Living together,higher education,higher education,<15 min.,<2 hours,0,no,no,yes,yes,yes,yes,yes,3,5,5,2,5,4,8,18,18,18,13,12,13
99,GP,F,16,Urban,Greater than 3,Living together,higher education,higher education,<15 min.,<2 hours,0,no,no,no,yes,no,yes,yes,5,3,4,1,2,1,6,11,14,14,12,13,13
260,GP,F,17,Urban,Less than or equal to 3,Living together,5th to 9th grade,5th to 9th grade,<15 min.,>10 hours,0,no,no,yes,yes,yes,yes,yes,3,4,1,1,1,2,0,10,9,0,11,10,10
239,GP,F,17,Rural,Greater than 3,Living together,5th to 9th grade,primary education (4th grade),30 min. to 1 hour,2 to 5 hours,0,no,no,no,yes,yes,yes,no,2,1,1,1,1,3,2,13,11,11,15,16,16
267,GP,M,17,Urban,Greater than 3,Living together,secondary education,primary education (4th grade),<15 min.,2 to 5 hours,0,no,no,yes,yes,yes,yes,yes,5,4,4,3,4,5,2,9,9,10,15,14,14
241,GP,M,17,Urban,Less than or equal to 3,Living together,higher education,secondary education,15 to 30 min.,2 to 5 hours,0,no,no,no,yes,yes,yes,yes,2,5,5,1,4,5,14,12,12,12,17,18,17
257,GP,F,17,Urban,Less than or equal to 3,Living together,higher education,5th to 9th grade,<15 min.,>10 hours,0,no,yes,yes,yes,yes,yes,yes,4,2,3,1,1,4,6,14,12,13,7,8,8
255,GP,M,17,Rural,Greater than 3,Living together,5th to 9th grade,primary education (4th grade),<15 min.,<2 hours,0,no,no,no,no,no,yes,yes,4,4,2,2,4,5,0,8,12,12,9,8,10
242,GP,M,17,Rural,Less than or equal to 3,Apart,higher education,higher education,15 to 30 min.,2 to 5 hours,0,no,yes,yes,no,yes,yes,yes,3,3,3,2,3,4,2,10,11,12,10,11,11
264,GP,F,17,Urban,Greater than 3,Living together,secondary education,secondary education,<15 min.,5 to 10 hours,0,no,no,no,yes,no,yes,no,3,2,3,1,1,4,4,10,9,9,8,7,8
256,GP,M,17,Urban,Less than or equal to 3,Living together,primary education (4th grade),primary education (4th grade),15 to 30 min.,<2 hours,1,no,yes,no,yes,yes,yes,yes,4,4,4,1,2,5,2,7,9,8,8,7,7
8,GP,F,17,Urban,Greater than 3,Apart,higher education,higher education,15 to 30 min.,2 to 5 hours,0,yes,yes,no,no,yes,yes,no,4,1,4,1,1,1,6,6,5,6,10,13,13
247,GP,M,17,Urban,Greater than 3,Living together,5th to 9th grade,secondary education,15 to 30 min.,<2 hours,0,no,no,no,no,yes,yes,yes,5,2,2,1,1,2,4,12,12,13,13,13,13
2,GP,F,17,Urban,Greater than 3,Living together,primary education (4th grade),primary education (4th grade),<15 min.,2 to 5 hours,0,no,yes,no,no,no,yes,yes,5,3,3,1,1,3,4,5,5,6,9,11,11
133,GP,F,17,Urban,Less than or equal to 3,Living together,5th to 9th grade,5th to 9th grade,<15 min.,<2 hours,0,no,yes,no,no,yes,yes,yes,3,4,4,1,3,5,12,10,13,12,11,10,11
322,GP,F,17,Urban,Greater than 3,Living together,5th to 9th grade,5th to 9th grade,<15 min.,2 to 5 hours,0,no,yes,no,no,yes,yes,no,4,2,2,1,1,3,12,11,9,9,13,15,15
323,GP,F,17,Rural,Less than or equal to 3,Living together,5th to 9th grade,5th to 9th grade,<15 min.,5 to 10 hours,0,no,yes,yes,yes,yes,yes,yes,3,3,2,2,2,3,3,11,11,11,9,8,10
324,GP,F,17,Urban,Greater than 3,Living together,secondary education,primary education (4th grade),<15 min.,5 to 10 hours,0,no,yes,no,no,no,yes,yes,3,4,3,2,3,5,1,12,14,15,10,10,10
325,GP,F,17,Urban,Less than or equal to 3,Living together,none,5th to 9th grade,15 to 30 min.,5 to 10 hours,0,no,no,no,no,yes,yes,yes,3,3,3,2,3,2,0,16,15,15,10,10,11
327,GP,M,17,Urban,Greater than 3,Living together,secondary education,secondary education,<15 min.,<2 hours,0,no,no,no,yes,no,yes,yes,4,3,5,3,5,5,3,14,15,16,13,13,13
328,GP,M,17,Rural,Greater than 3,Living together,5th to 9th grade,5th to 9th grade,>1 hour,<2 hours,0,no,yes,no,no,yes,yes,yes,4,4,5,5,5,4,8,11,10,10,17,17,18
329,GP,F,17,Urban,Greater than 3,Living together,higher education,higher education,<15 min.,5 to 10 hours,0,no,yes,yes,yes,yes,yes,yes,5,4,4,1,3,4,7,10,9,9,12,13,13
330,GP,F,17,Urban,Greater than 3,Living together,higher education,higher education,15 to 30 min.,5 to 10 hours,0,no,yes,yes,no,no,yes,yes,4,3,3,1,2,4,4,14,14,14,12,12,14
332,GP,F,17,Rural,Greater than 3,Living together,5th to 9th grade,higher education,<15 min.,5 to 10 hours,0,no,yes,no,no,yes,yes,yes,4,4,3,1,1,5,7,12,14,14,12,12,12
304,GP,F,17,Urban,Greater than 3,Living together,secondary education,5th to 9th grade,<15 min.,>10 hours,0,no,yes,yes,yes,no,yes,yes,5,2,2,1,2,5,0,17,17,18,15,12,13
303,GP,F,17,Urban,Greater than 3,Living together,higher education,5th to 9th grade,15 to 30 min.,5 to 10 hours,0,no,yes,yes,no,yes,yes,yes,4,3,3,1,1,3,0,15,12,14,10,11,12
302,GP,M,17,Urban,Less than or equal to 3,Living together,higher education,higher education,15 to 30 min.,<2 hours,0,no,no,yes,no,yes,yes,yes,4,1,1,2,2,5,0,11,11,10,10,10,11
336,GP,F,17,Urban,Greater than 3,Living together,secondary education,higher education,<15 min.,5 to 10 hours,0,no,no,no,no,yes,yes,yes,4,4,5,1,3,5,16,16,15,15,17,17,17
338,GP,F,17,Urban,Greater than 3,Living together,secondary education,5th to 9th grade,<15 min.,2 to 5 hours,0,no,yes,yes,no,yes,yes,yes,4,3,2,2,3,2,0,7,8,0,17,18,18
340,GP,F,17,Rural,Greater than 3,Apart,secondary education,5th to 9th grade,<15 min.,2 to 5 hours,0,no,yes,yes,no,yes,yes,yes,4,3,3,2,3,2,4,9,10,10,14,15,15
296,GP,M,17,Urban,Greater than 3,Living together,secondary education,secondary education,<15 min.,<2 hours,0,no,yes,yes,no,yes,yes,yes,4,4,3,1,3,5,4,14,12,11,11,13,14
294,GP,F,17,Rural,Less than or equal to 3,Living together,secondary education,primary education (4th grade),15 to 30 min.,>10 hours,0,no,yes,yes,no,yes,yes,no,3,1,2,1,1,3,6,18,18,18,11,12,14
344,GP,F,17,Urban,Greater than 3,Apart,5th to 9th grade,5th to 9th grade,<15 min.,2 to 5 hours,1,no,yes,no,no,yes,yes,yes,3,3,1,1,2,4,0,9,8,0,16,17,17
292,GP,F,17,Urban,Greater than 3,Living together,higher education,secondary education,<15 min.,5 to 10 hours,0,no,yes,yes,no,yes,yes,yes,4,2,2,1,2,3,0,15,15,15,11,10,11
288,GP,F,17,Urban,Greater than 3,Living together,primary education (4th grade),primary education (4th grade),<15 min.,5 to 10 hours,0,no,yes,yes,no,yes,yes,yes,4,3,3,1,1,3,6,13,12,12,9,10,10
285,GP,F,17,Urban,Greater than 3,Living together,5th to 9th grade,5th to 9th grade,<15 min.,2 to 5 hours,0,no,yes,no,no,no,yes,yes,5,4,5,1,2,5,4,10,9,11,7,8,6
349,GP,F,17,Urban,Greater than 3,Living together,higher education,secondary education,<15 min.,5 to 10 hours,0,no,yes,yes,yes,yes,yes,yes,4,4,3,1,3,4,0,13,15,15,16,16,16
282,GP,M,17,Urban,Less than or equal to 3,Apart,secondary education,5th to 9th grade,<15 min.,<2 hours,1,no,no,no,no,yes,yes,yes,4,4,4,3,4,3,19,11,9,10,11,12,11
281,GP,M,17,Urban,Less than or equal to 3,Apart,higher education,primary education (4th grade),15 to 30 min.,<2 hours,0,no,no,yes,yes,yes,yes,yes,4,5,4,2,4,5,30,8,8,8,10,9,10
276,GP,F,17,Urban,Less than or equal to 3,Living together,5th to 9th grade,5th to 9th grade,15 to 30 min.,2 to 5 hours,0,yes,yes,yes,no,yes,yes,yes,4,4,4,2,3,5,6,12,12,12,12,10,11
275,GP,F,17,Urban,Greater than 3,Living together,5th to 9th grade,higher education,15 to 30 min.,2 to 5 hours,0,no,yes,yes,no,yes,yes,yes,4,3,3,1,1,1,2,10,10,10,10,9,10
274,GP,M,17,Rural,Greater than 3,Living together,primary education (4th grade),5th to 9th grade,<15 min.,2 to 5 hours,0,no,yes,yes,yes,no,yes,no,3,5,2,2,2,1,2,15,14,14,11,11,11
286,GP,M,17,Urban,Greater than 3,Living together,primary education (4th grade),primary education (4th grade),<15 min.,2 to 5 hours,0,no,no,yes,no,no,yes,yes,4,3,3,1,2,4,2,12,10,11,14,13,12
321,GP,F,17,Urban,Greater than 3,Apart,higher education,secondary education,<15 min.,2 to 5 hours,0,no,yes,yes,no,yes,yes,yes,5,2,2,1,2,5,23,13,13,13,14,12,13
19,GP,M,17,Urban,Greater than 3,Living together,secondary education,5th to 9th grade,<15 min.,<2 hours,3,no,yes,no,yes,yes,yes,yes,5,5,5,2,4,5,16,6,5,5,8,8,7
176,GP,M,17,Urban,Less than or equal to 3,Living together,higher education,secondary education,15 to 30 min.,2 to 5 hours,0,no,no,yes,yes,yes,yes,yes,4,4,4,4,4,4,4,10,9,9,7,6,8
206,GP,F,17,Urban,Greater than 3,Living together,secondary education,higher education,<15 min.,5 to 10 hours,1,no,yes,yes,no,yes,yes,yes,4,4,3,3,4,5,28,10,9,9,12,11,12
204,GP,F,17,Rural,Greater than 3,Living together,5th to 9th grade,5th to 9th grade,<15 min.,<2 hours,0,no,yes,no,no,yes,yes,yes,5,3,2,1,2,3,18,7,6,6,9,9,10
203,GP,F,17,Urban,Greater than 3,Living together,primary education (4th grade),primary education (4th grade),<15 min.,2 to 5 hours,0,no,yes,yes,no,no,yes,no,4,4,4,1,3,1,4,9,9,10,12,13,14
199,GP,F,17,Urban,Greater than 3,Living together,higher education,higher education,15 to 30 min.,<2 hours,1,no,yes,no,no,yes,yes,yes,4,2,4,2,3,2,24,18,18,18,14,15,16
319,GP,F,17,Rural,Greater than 3,Living together,secondary education,higher education,<15 min.,5 to 10 hours,0,no,yes,yes,yes,no,yes,yes,4,3,4,2,5,5,0,11,11,10,12,9,10
197,GP,M,17,Urban,Greater than 3,Living together,higher education,higher education,<15 min.,<2 hours,0,no,no,no,no,yes,yes,yes,5,2,3,1,2,5,4,17,15,16,17,18,17
161,GP,M,17,Rural,Less than or equal to 3,Living together,5th to 9th grade,primary education (4th grade),15 to 30 min.,<2 hours,2,no,no,no,yes,yes,no,yes,3,3,2,2,2,5,0,7,6,0,11,11,11
196,GP,F,17,Urban,Less than or equal to 3,Living together,5th to 9th grade,higher education,<15 min.,2 to 5 hours,0,no,no,no,yes,yes,yes,yes,4,3,2,1,1,5,0,14,15,15,11,12,13
237,GP,M,17,Urban,Less than or equal to 3,Living together,5th to 9th grade,5th to 9th grade,<15 min.,2 to 5 hours,0,no,no,yes,yes,no,yes,yes,4,4,2,5,5,4,4,14,13,13,13,13,14
210,GP,F,17,Rural,Greater than 3,Living together,higher education,secondary education,15 to 30 min.,5 to 10 hours,0,no,yes,yes,yes,yes,yes,yes,4,4,2,1,1,4,6,7,7,7,14,15,16
193,GP,M,17,Urban,Greater than 3,Living together,primary education (4th grade),5th to 9th grade,15 to 30 min.,2 to 5 hours,0,no,no,yes,yes,no,yes,yes,4,4,4,4,5,5,12,7,8,8,10,9,11
190,GP,M,17,Rural,Greater than 3,Living together,primary education (4th grade),5th to 9th grade,<15 min.,2 to 5 hours,0,no,no,no,no,yes,yes,no,3,1,3,1,5,3,4,8,9,10,10,11,11
164,GP,M,17,Urban,Greater than 3,Living together,primary education (4th grade),secondary education,<15 min.,<2 hours,0,no,no,no,no,yes,no,yes,5,3,3,1,4,2,2,10,10,10,11,9,0
189,GP,F,17,Urban,Greater than 3,Apart,secondary education,secondary education,<15 min.,2 to 5 hours,0,no,yes,no,no,no,yes,yes,3,3,3,1,3,3,6,8,7,9,14,14,15
186,GP,M,17,Urban,Greater than 3,Living together,secondary education,secondary education,<15 min.,2 to 5 hours,0,no,yes,no,yes,yes,yes,yes,4,3,4,2,3,4,12,12,12,11,16,17,18
184,GP,F,17,Urban,Less than or equal to 3,Living together,secondary education,secondary education,<15 min.,2 to 5 hours,0,no,yes,no,yes,yes,yes,yes,5,3,3,2,3,1,56,9,9,8,16,16,17
165,GP,M,17,Rural,Less than or equal to 3,Living together,primary education (4th grade),primary education (4th grade),>1 hour,2 to 5 hours,3,no,no,no,yes,yes,no,no,5,3,5,1,5,5,0,5,8,7,9,10,10
183,GP,F,17,Urban,Greater than 3,Living together,5th to 9th grade,higher education,<15 min.,2 to 5 hours,0,no,yes,no,yes,yes,yes,no,5,4,2,2,3,5,0,16,17,17,12,12,13
79,GP,M,17,Urban,Greater than 3,Living together,5th to 9th grade,primary education (4th grade),15 to 30 min.,<2 hours,3,yes,yes,no,yes,yes,no,yes,4,5,1,1,1,3,2,8,8,10,9,9,10
180,GP,M,17,Urban,Greater than 3,Living together,higher education,secondary education,<15 min.,2 to 5 hours,0,no,yes,no,yes,yes,yes,yes,5,2,3,1,1,2,4,10,10,11,8,7,8
178,GP,M,17,Urban,Greater than 3,Living together,secondary education,secondary education,<15 min.,2 to 5 hours,0,no,no,no,yes,no,yes,yes,4,3,4,1,4,4,4,6,5,6,9,8,8
192,GP,F,17,Urban,Greater than 3,Living together,primary education (4th grade),primary education (4th grade),<15 min.,2 to 5 hours,0,no,no,no,yes,yes,yes,yes,5,3,3,1,1,3,0,8,8,9,11,9,10
157,GP,M,17,Rural,Less than or equal to 3,Living together,primary education (4th grade),5th to 9th grade,<15 min.,<2 hours,0,no,no,no,no,yes,yes,no,2,2,2,3,3,5,8,16,12,13,12,12,12
119,GP,M,17,Rural,Greater than 3,Living together,primary education (4th grade),secondary education,30 min. to 1 hour,2 to 5 hours,1,no,yes,no,yes,yes,yes,yes,5,2,4,1,4,5,20,9,7,8,12,11,11
233,GP,M,17,Urban,Greater than 3,Living together,higher education,higher education,<15 min.,2 to 5 hours,0,yes,yes,no,yes,yes,yes,yes,4,5,5,1,3,2,14,11,9,9,12,13,13
232,GP,M,17,Rural,Greater than 3,Living together,5th to 9th grade,5th to 9th grade,15 to 30 min.,2 to 5 hours,0,no,yes,yes,yes,yes,yes,yes,4,5,2,1,1,1,4,11,11,11,10,10,10
231,GP,F,17,Urban,Less than or equal to 3,Living together,higher education,secondary education,<15 min.,2 to 5 hours,0,no,no,no,yes,yes,yes,yes,3,2,3,1,2,3,14,13,13,14,11,9,10
230,GP,F,17,Urban,Greater than 3,Apart,5th to 9th grade,primary education (4th grade),15 to 30 min.,5 to 10 hours,0,no,no,no,yes,yes,yes,yes,3,2,3,1,2,3,10,12,10,12,14,16,15
137,GP,M,17,Rural,Greater than 3,Living together,secondary education,higher education,30 min. to 1 hour,2 to 5 hours,0,no,no,no,no,yes,yes,no,5,4,5,2,4,5,0,10,0,0,9,9,11
228,GP,M,17,Urban,Less than or equal to 3,Living together,5th to 9th grade,secondary education,<15 min.,2 to 5 hours,0,no,yes,yes,no,no,yes,yes,5,3,3,1,3,3,2,12,11,12,12,11,11
227,GP,F,17,Urban,Greater than 3,Living together,secondary education,5th to 9th grade,<15 min.,2 to 5 hours,0,no,no,no,yes,no,yes,yes,5,3,4,1,3,3,10,16,15,15,13,13,13
222,GP,F,17,Urban,Greater than 3,Living together,primary education (4th grade),primary education (4th grade),<15 min.,5 to 10 hours,1,no,yes,no,yes,yes,yes,no,4,3,4,1,1,5,0,6,5,0,14,15,15
221,GP,F,17,Rural,Greater than 3,Living together,5th to 9th grade,primary education (4th grade),15 to 30 min.,2 to 5 hours,0,no,yes,no,yes,yes,yes,yes,4,2,5,1,2,5,2,6,6,6,11,11,12
212,GP,M,17,Urban,Less than or equal to 3,Living together,higher education,higher education,<15 min.,2 to 5 hours,0,no,yes,yes,no,yes,yes,yes,5,3,5,4,5,3,13,12,12,13,10,11,12
220,GP,F,17,Urban,Greater than 3,Living together,5th to 9th grade,5th to 9th grade,<15 min.,5 to 10 hours,0,no,yes,yes,yes,yes,yes,yes,4,3,3,1,1,4,4,9,10,10,8,9,8
173,GP,M,17,Urban,Less than or equal to 3,Living together,higher education,higher education,<15 min.,2 to 5 hours,0,no,yes,yes,yes,yes,yes,yes,4,4,4,1,3,5,0,13,11,10,10,10,1
219,GP,F,17,Urban,Greater than 3,Living together,5th to 9th grade,secondary education,15 to 30 min.,<2 hours,0,no,yes,yes,no,yes,yes,no,3,3,3,1,4,3,3,7,7,8,13,13,13
145,GP,M,17,Urban,Greater than 3,Living together,5th to 9th grade,primary education (4th grade),<15 min.,<2 hours,3,no,yes,no,no,yes,yes,yes,5,4,5,1,2,5,0,5,0,0,12,11,11
217,GP,F,17,Urban,Greater than 3,Living together,higher education,secondary education,<15 min.,2 to 5 hours,2,no,no,yes,no,yes,yes,yes,3,4,5,2,4,1,22,6,6,4,14,15,15
216,GP,F,17,Urban,Less than or equal to 3,Living together,secondary education,5th to 9th grade,15 to 30 min.,2 to 5 hours,0,no,no,yes,no,yes,yes,yes,4,4,4,1,3,1,2,14,15,15,11,12,12
155,GP,F,17,Urban,Greater than 3,Living together,higher education,higher education,<15 min.,<2 hours,0,yes,yes,no,no,yes,yes,no,4,2,1,1,1,4,0,11,11,12,10,11,11
215,GP,F,17,Rural,Less than or equal to 3,Living together,higher education,higher education,<15 min.,<2 hours,0,no,yes,yes,no,yes,yes,no,5,2,1,1,2,3,12,8,10,10,14,14,15
342,GP,M,18,Urban,Greater than 3,Living together,higher education,higher education,<15 min.,2 to 5 hours,1,no,yes,no,yes,yes,yes,yes,4,3,3,2,2,2,0,10,10,0,14,13,13
339,GP,F,18,Urban,Less than or equal to 3,Living together,secondary education,secondary education,<15 min.,>10 hours,0,no,yes,no,no,yes,yes,yes,5,3,3,1,1,1,7,16,15,17,18,19,19
333,GP,F,18,Urban,Greater than 3,Living together,secondary education,secondary education,<15 min.,2 to 5 hours,0,no,no,no,yes,yes,yes,yes,5,3,4,1,1,4,0,7,0,0,18,18,18
334,GP,F,18,Urban,Less than or equal to 3,Living together,5th to 9th grade,5th to 9th grade,<15 min.,2 to 5 hours,0,no,no,no,yes,no,yes,yes,4,3,3,1,1,2,0,8,8,0,13,13,14
335,GP,F,18,Rural,Greater than 3,Living together,5th to 9th grade,5th to 9th grade,15 to 30 min.,>10 hours,0,no,no,no,yes,yes,yes,no,4,4,4,1,1,4,0,10,9,0,14,15,15
326,GP,M,18,Urban,Greater than 3,Living together,higher education,higher education,<15 min.,5 to 10 hours,0,no,no,no,yes,yes,yes,yes,4,3,3,2,2,3,3,9,12,11,11,11,10
331,GP,M,18,Urban,Less than or equal to 3,Living together,5th to 9th grade,5th to 9th grade,<15 min.,>10 hours,0,no,yes,no,yes,yes,yes,yes,4,5,5,2,4,5,2,9,8,8,12,13,14
345,GP,F,18,Urban,Greater than 3,Living together,5th to 9th grade,secondary education,<15 min.,5 to 10 hours,0,no,yes,no,no,yes,yes,yes,4,3,3,1,2,3,4,11,10,10,18,18,17
348,GP,M,18,Urban,Greater than 3,Living together,higher education,secondary education,<15 min.,5 to 10 hours,0,no,yes,yes,no,yes,yes,yes,5,4,5,2,3,5,0,10,10,9,7,7,8
347,GP,M,18,Rural,Greater than 3,Living together,higher education,secondary education,<15 min.,5 to 10 hours,0,no,no,no,no,yes,yes,yes,5,3,2,1,2,4,9,16,15,16,12,13,13
346,GP,F,18,Urban,Greater than 3,Living together,secondary education,5th to 9th grade,<15 min.,5 to 10 hours,0,no,no,no,no,yes,yes,yes,5,4,3,2,3,1,7,13,13,14,14,15,15
343,GP,M,18,Urban,Less than or equal to 3,Living together,secondary education,higher education,<15 min.,2 to 5 hours,0,no,no,no,yes,yes,yes,yes,4,3,3,1,3,5,11,16,15,15,13,14,14
1,GP,F,18,Urban,Greater than 3,Apart,higher education,higher education,15 to 30 min.,2 to 5 hours,0,yes,no,no,no,yes,yes,no,4,3,4,1,1,3,6,5,6,6,0,11,11
318,GP,F,18,Urban,Greater than 3,Living together,higher education,secondary education,<15 min.,5 to 10 hours,0,no,yes,yes,yes,yes,yes,yes,4,3,4,1,1,5,9,9,10,9,12,12,12
278,GP,M,18,Urban,Greater than 3,Living together,higher education,higher education,15 to 30 min.,<2 hours,0,no,no,yes,yes,yes,yes,yes,3,2,4,1,4,3,22,9,9,9,11,10,11
277,GP,F,18,Rural,Greater than 3,Apart,secondary education,5th to 9th grade,15 to 30 min.,2 to 5 hours,0,no,no,no,no,no,no,yes,4,1,1,1,1,5,75,10,9,9,15,16,16
273,GP,F,18,Urban,Less than or equal to 3,Living together,primary education (4th grade),primary education (4th grade),15 to 30 min.,2 to 5 hours,0,no,yes,yes,no,no,yes,no,4,4,3,1,1,3,2,11,11,11,13,14,15
320,GP,F,18,Urban,Greater than 3,Living together,higher education,higher education,<15 min.,2 to 5 hours,0,no,yes,yes,no,yes,yes,yes,4,4,4,3,3,5,2,11,11,11,11,12,12
270,GP,F,18,Rural,Greater than 3,Living together,5th to 9th grade,primary education (4th grade),15 to 30 min.,2 to 5 hours,0,no,yes,no,no,yes,no,yes,4,3,5,1,2,3,0,6,0,0,14,14,15
269,GP,M,18,Urban,Greater than 3,Living together,higher education,5th to 9th grade,<15 min.,2 to 5 hours,0,no,yes,yes,yes,yes,yes,yes,5,4,5,1,3,5,10,10,9,10,12,12,12
268,GP,F,18,Rural,Greater than 3,Living together,higher education,higher education,15 to 30 min.,2 to 5 hours,0,no,no,yes,yes,yes,yes,yes,4,3,4,2,2,4,8,12,10,11,15,15,15
266,GP,M,18,Rural,Less than or equal to 3,Apart,secondary education,higher education,15 to 30 min.,2 to 5 hours,0,no,yes,yes,yes,yes,yes,yes,4,2,5,3,4,1,13,17,17,17,15,14,15
265,GP,F,18,Urban,Greater than 3,Living together,5th to 9th grade,5th to 9th grade,<15 min.,5 to 10 hours,0,no,yes,yes,yes,yes,yes,yes,4,3,3,1,1,3,0,9,10,0,11,9,10
263,GP,M,18,Rural,Greater than 3,Living together,secondary education,5th to 9th grade,<15 min.,5 to 10 hours,0,no,no,no,yes,no,yes,no,5,3,2,1,1,3,1,13,12,12,9,9,8
262,GP,M,18,Urban,Greater than 3,Living together,higher education,secondary education,<15 min.,2 to 5 hours,0,no,yes,yes,no,no,yes,yes,4,3,2,1,1,3,2,8,8,8,13,13,13
261,GP,F,18,Urban,Greater than 3,Living together,higher education,secondary education,<15 min.,2 to 5 hours,0,no,yes,yes,no,yes,yes,yes,3,1,2,1,3,2,21,17,18,18,12,11,11
259,GP,M,18,Urban,Greater than 3,Living together,5th to 9th grade,primary education (4th grade),<15 min.,2 to 5 hours,0,no,no,no,yes,yes,yes,yes,5,2,4,1,2,4,8,15,14,14,14,14,15
253,GP,M,18,Urban,Greater than 3,Living together,5th to 9th grade,primary education (4th grade),<15 min.,<2 hours,1,no,no,no,no,no,no,yes,3,2,5,2,5,5,4,6,9,8,14,13,13
251,GP,M,18,Urban,Greater than 3,Living together,secondary education,5th to 9th grade,15 to 30 min.,<2 hours,1,no,no,no,no,yes,no,yes,4,4,5,2,4,5,0,6,8,8,16,16,16
249,GP,M,18,Rural,Less than or equal to 3,Living together,secondary education,secondary education,<15 min.,2 to 5 hours,1,no,yes,no,no,yes,yes,yes,4,3,3,1,3,5,8,3,5,5,9,9,9
245,GP,F,18,Urban,Greater than 3,Living together,5th to 9th grade,primary education (4th grade),15 to 30 min.,5 to 10 hours,0,no,yes,yes,no,no,yes,yes,4,4,4,1,1,3,0,7,0,0,14,12,12
240,GP,M,18,Urban,Greater than 3,Living together,5th to 9th grade,5th to 9th grade,<15 min.,2 to 5 hours,1,no,no,no,no,yes,no,yes,5,5,4,3,5,2,0,7,7,0,8,8,8
229,GP,M,18,Urban,Less than or equal to 3,Living together,5th to 9th grade,primary education (4th grade),>1 hour,2 to 5 hours,0,yes,yes,yes,yes,yes,yes,yes,4,3,2,4,5,3,14,10,8,9,12,11,11
226,GP,F,18,Rural,Greater than 3,Living together,secondary education,primary education (4th grade),<15 min.,2 to 5 hours,1,no,no,no,yes,yes,yes,yes,5,3,3,1,1,4,16,9,8,7,13,12,12
224,GP,M,18,Urban,Greater than 3,Living together,5th to 9th grade,5th to 9th grade,15 to 30 min.,2 to 5 hours,0,no,yes,yes,no,yes,yes,yes,3,3,3,5,5,4,0,12,13,13,11,12,12
218,GP,M,18,Urban,Less than or equal to 3,Living together,secondary education,secondary education,<15 min.,2 to 5 hours,1,no,yes,yes,no,yes,yes,yes,3,2,4,2,4,4,13,6,6,8,13,13,13
214,GP,M,18,Urban,Greater than 3,Living together,5th to 9th grade,5th to 9th grade,<15 min.,2 to 5 hours,1,no,yes,yes,yes,yes,yes,yes,4,4,4,2,4,5,15,6,7,8,11,10,11
158,GP,F,18,Rural,Greater than 3,Living together,primary education (4th grade),primary education (4th grade),30 min. to 1 hour,<2 hours,3,no,yes,no,yes,no,yes,no,5,2,5,1,5,4,6,9,8,10,11,10,10
151,GP,M,18,Urban,Less than or equal to 3,Living together,primary education (4th grade),primary education (4th grade),<15 min.,<2 hours,3,no,no,no,no,yes,no,yes,2,3,5,2,5,4,0,6,5,0,9,8,9
129,GP,M,18,Rural,Greater than 3,Living together,5th to 9th grade,5th to 9th grade,<15 min.,<2 hours,2,no,yes,no,yes,yes,yes,yes,3,3,3,1,2,4,0,7,4,0,14,14,15
279,GP,F,18,Urban,Greater than 3,Living together,higher education,higher education,<15 min.,2 to 5 hours,1,yes,yes,no,yes,yes,yes,yes,2,4,4,1,1,4,15,9,8,8,9,12,13
280,GP,M,18,Urban,Less than or equal to 3,Living together,higher education,secondary education,15 to 30 min.,<2 hours,0,no,no,yes,yes,yes,yes,yes,4,2,3,1,2,1,8,10,11,10,7,8,5
272,GP,F,18,Urban,Greater than 3,Living together,5th to 9th grade,secondary education,<15 min.,>10 hours,0,no,yes,yes,yes,yes,yes,yes,4,5,5,1,3,2,4,15,14,14,11,11,12
283,GP,F,18,Rural,Less than or equal to 3,Living together,primary education (4th grade),primary education (4th grade),15 to 30 min.,>10 hours,0,no,yes,yes,yes,yes,yes,no,5,2,2,1,1,3,1,12,12,12,7,8,7
306,GP,F,18,Urban,Greater than 3,Living together,5th to 9th grade,higher education,<15 min.,2 to 5 hours,1,no,yes,yes,yes,yes,yes,yes,4,4,3,1,1,3,8,14,12,12,8,8,9
301,GP,F,18,Urban,Less than or equal to 3,Apart,higher education,higher education,<15 min.,2 to 5 hours,0,no,yes,no,no,yes,yes,yes,4,2,4,1,1,4,14,12,10,11,15,15,15
300,GP,M,18,Urban,Less than or equal to 3,Living together,higher education,higher education,<15 min.,<2 hours,0,no,yes,yes,no,yes,yes,yes,1,4,2,2,2,1,5,16,15,16,10,12,12
299,GP,F,18,Urban,Greater than 3,Living together,higher education,secondary education,<15 min.,>10 hours,0,no,yes,yes,no,yes,yes,yes,4,3,3,1,1,3,0,14,13,14,10,11,12
295,GP,M,18,Rural,Less than or equal to 3,Living together,secondary education,5th to 9th grade,15 to 30 min.,5 to 10 hours,0,no,yes,yes,yes,yes,yes,yes,5,4,2,1,1,4,8,14,13,14,11,11,13
293,GP,F,18,Urban,Less than or equal to 3,Living together,5th to 9th grade,primary education (4th grade),<15 min.,2 to 5 hours,1,no,no,no,no,yes,yes,yes,5,4,3,1,1,5,12,12,12,13,11,12,14
298,GP,F,18,Urban,Less than or equal to 3,Living together,higher education,secondary education,15 to 30 min.,2 to 5 hours,0,no,yes,yes,no,yes,yes,yes,4,4,5,1,2,2,10,10,8,8,9,10,10
317,GP,F,18,Urban,Greater than 3,Living together,5th to 9th grade,primary education (4th grade),15 to 30 min.,2 to 5 hours,0,no,yes,yes,yes,yes,yes,yes,5,3,3,1,2,1,0,8,8,0,15,16,16
290,GP,M,18,Urban,Less than or equal to 3,Apart,higher education,higher education,<15 min.,2 to 5 hours,0,no,yes,yes,yes,yes,yes,yes,5,4,3,1,1,2,9,15,13,15,14,15,17
289,GP,M,18,Urban,Greater than 3,Living together,5th to 9th grade,primary education (4th grade),<15 min.,5 to 10 hours,0,no,no,yes,yes,yes,yes,yes,4,2,4,1,3,2,6,15,14,14,12,12,13
287,GP,F,18,Urban,Greater than 3,Living together,5th to 9th grade,5th to 9th grade,<15 min.,5 to 10 hours,0,no,yes,yes,no,yes,yes,yes,4,3,3,1,2,2,5,18,18,19,12,12,13
291,GP,M,18,Urban,Greater than 3,Living together,higher education,5th to 9th grade,<15 min.,2 to 5 hours,0,no,yes,yes,yes,yes,yes,yes,4,3,2,1,4,5,11,12,11,11,10,10,11
284,GP,F,18,Urban,Greater than 3,Living together,primary education (4th grade),primary education (4th grade),15 to 30 min.,2 to 5 hours,0,yes,no,no,yes,yes,yes,yes,5,4,4,1,1,4,4,8,9,10,9,11,10
312,GP,F,19,Urban,Greater than 3,Living together,5th to 9th grade,primary education (4th grade),30 min. to 1 hour,2 to 5 hours,0,no,yes,no,no,yes,no,yes,3,4,1,1,1,2,20,14,12,13,11,12,12
313,GP,M,19,Urban,Greater than 3,Living together,primary education (4th grade),5th to 9th grade,<15 min.,2 to 5 hours,1,no,no,no,no,no,yes,yes,4,5,2,2,2,4,3,13,11,11,16,16,16
211,GP,F,19,Urban,Greater than 3,Living together,secondary education,secondary education,<15 min.,>10 hours,0,no,yes,yes,yes,yes,yes,yes,4,3,3,1,2,3,10,8,8,8,13,13,14
128,GP,F,19,Urban,Greater than 3,Living together,none,primary education (4th grade),<15 min.,2 to 5 hours,3,no,yes,no,no,no,no,no,3,4,2,1,1,5,2,7,8,9,9,10,11
315,GP,F,19,Urban,Greater than 3,Living together,primary education (4th grade),primary education (4th grade),<15 min.,5 to 10 hours,2,no,no,no,no,no,yes,yes,4,1,2,1,1,3,14,15,13,13,16,17,18
154,GP,M,19,Urban,Greater than 3,Living together,secondary education,5th to 9th grade,<15 min.,<2 hours,3,no,yes,no,no,yes,no,yes,4,5,4,1,1,4,0,5,0,0,13,13,13
311,GP,F,19,Urban,Less than or equal to 3,Living together,primary education (4th grade),5th to 9th grade,<15 min.,2 to 5 hours,1,no,no,no,yes,no,yes,no,4,2,4,2,2,3,0,9,9,0,8,9,10
316,GP,F,19,Rural,Greater than 3,Living together,5th to 9th grade,secondary education,<15 min.,5 to 10 hours,1,no,no,no,no,yes,yes,yes,4,1,2,1,1,3,40,13,11,11,14,14,15
314,GP,F,19,Urban,Less than or equal to 3,Living together,secondary education,5th to 9th grade,15 to 30 min.,2 to 5 hours,1,no,yes,yes,no,no,yes,yes,4,2,2,1,2,1,22,13,10,11,13,13,13
310,GP,F,19,Urban,Less than or equal to 3,Living together,primary education (4th grade),primary education (4th grade),<15 min.,2 to 5 hours,1,yes,yes,no,yes,no,yes,yes,4,4,3,1,3,3,18,12,10,10,10,12,14
308,GP,M,19,Urban,Greater than 3,Living together,higher education,higher education,15 to 30 min.,<2 hours,1,no,yes,yes,no,yes,yes,yes,4,3,4,1,1,4,38,8,9,8,11,11,14
305,GP,M,19,Urban,Greater than 3,Living together,secondary education,secondary education,<15 min.,2 to 5 hours,1,no,yes,no,yes,yes,yes,yes,4,4,4,1,1,3,20,15,14,13,11,12,13
258,GP,M,19,Urban,Less than or equal to 3,Apart,higher education,secondary education,<15 min.,2 to 5 hours,0,no,yes,no,no,yes,yes,yes,4,3,1,1,1,1,12,11,11,11,10,8,9
337,GP,F,19,Rural,Greater than 3,Apart,secondary education,primary education (4th grade),<15 min.,5 to 10 hours,1,no,no,yes,no,yes,yes,no,5,4,3,1,2,5,12,14,13,13,15,16,16
341,GP,F,19,Urban,Greater than 3,Living together,5th to 9th grade,primary education (4th grade),<15 min.,5 to 10 hours,1,no,no,yes,yes,yes,yes,yes,4,3,4,1,3,3,4,11,12,11,14,15,15
297,GP,F,19,Urban,Greater than 3,Living together,higher education,higher education,15 to 30 min.,2 to 5 hours,0,no,yes,yes,yes,yes,yes,yes,2,3,4,2,3,2,0,10,9,0,16,16,16
271,GP,F,19,Urban,Greater than 3,Living together,secondary education,secondary education,<15 min.,2 to 5 hours,2,no,yes,yes,yes,yes,yes,yes,4,3,5,3,3,5,15,9,9,9,14,15,15
309,GP,M,19,Rural,Greater than 3,Living together,secondary education,secondary education,<15 min.,2 to 5 hours,1,no,no,no,yes,yes,yes,no,4,5,3,1,2,5,0,15,12,12,10,11,12
307,GP,M,20,Urban,Greater than 3,Apart,secondary education,5th to 9th grade,<15 min.,<2 hours,0,no,no,no,yes,yes,yes,no,5,5,3,1,1,5,0,17,18,18,15,16,16
248,GP,M,22,Urban,Greater than 3,Living together,secondary education,primary education (4th grade),<15 min.,<2 hours,3,no,no,no,no,no,no,yes,5,4,5,5,5,1,16,6,8,8,13,13,14
